"id"	"name"
"{20102,1001}"	"Factory"
"{20102,1011}"	"Complex"
"{20102,1021}"	"Refinery"
"{20102,1031}"	"Farm"
"{20102,1041}"	"Defence Platform"
"{20102,1051}"	"Trading Station"
"{20102,1061}"	"Equipment Dock"
"{20102,1071}"	"Shipyard"
"{20102,1081}"	"Wharf"
"{20102,1101}"	"Argon Defence Platform"
"{20102,1111}"	"Argon Trading Station"
"{20102,1121}"	"Argon Equipment Dock"
"{20102,1131}"	"Argon Shipyard"
"{20102,1141}"	"Argon Wharf"
"{20102,1201}"	"Paranid Defence Platform"
"{20102,1211}"	"Paranid Trading Station"
"{20102,1221}"	"Paranid Equipment Dock"
"{20102,1231}"	"Paranid Shipyard"
"{20102,1241}"	"Paranid Wharf"
"{20102,1301}"	"Teladi Defence Platform"
"{20102,1311}"	"Teladi Trading Station"
"{20102,1321}"	"Teladi Equipment Dock"
"{20102,1331}"	"Teladi Shipyard"
"{20102,1341}"	"Teladi Wharf"
"{20102,1401}"	"Xenon Defence Platform"
"{20102,1411}"	"Xenon Factory"
"{20102,1421}"	"Xenon Shipyard"
"{20102,1431}"	"Xenon Station"
"{20102,1441}"	"Xenon Wharf"
"{20102,1501}"	"Pirate Base"
"{20102,1511}"	"Free Port"
"{20102,1601}"	"Kha'ak Defence Platform"
"{20102,1701}"	"Split Defence Platform"
"{20102,1711}"	"Split Trading Station"
"{20102,1721}"	"Split Equipment Dock"
"{20102,1731}"	"Split Shipyard"
"{20102,1741}"	"Split Wharf"
"{20102,1801}"	"Terran Defence Platform"
"{20102,1811}"	"Terran Trading Station"
"{20102,1821}"	"Terran Equipment Dock"
"{20102,1831}"	"Terran Shipyard"
"{20102,1841}"	"Terran Wharf"
"{20102,1901}"	"Yaki Defence Platform"
"{20102,1911}"	"Yaki Trading Station"
"{20102,1921}"	"Yaki Equipment Dock"
"{20102,1931}"	"Yaki Shipyard"
"{20102,1941}"	"Yaki Wharf"
"{20102,2001}"	"Mysterious Facility"
"{20102,2011}"	"Headquarters"
"{20102,2021}"	"Research Facility"
"{20102,2031}"	"Xenon Asteroid Base"
"{20102,2041}"	"Abandoned Asteroid Base"
"{20102,2051}"	"Abandoned Outpost"
"{20102,2061}"	"Amplifier Station"
"{20102,2071}"	"Secret Service Headquarters"
"{20102,2081}"	"Institute of Atmospheric Science"
"{20102,2091}"	"Spacelab"
"{20102,2101}"	"Rusiris Sunrise"
"{20102,2201}"	"Midway Defence Station"
"{20102,2301}"	"Woodworm Scrubs"
"{20102,2401}"	"Grand Ice Refinery"
"{20102,2501}"	"Keepsafe(Scrapyard Station)"
"{20102,3001}"	"Argon Federation Headquarters"
"{20102,3011}"	"Antigone Republic Headquarters"
"{20102,3021}"	"Hatikvah Free League Headquarters"
"{20102,3031}"	"Godrealm of the Paranid Headquarters"
"{20102,3041}"	"Holy Order of the Pontifex Headquarters"
"{20102,3051}"	"Alliance of the Word Headquarters"
"{20102,3061}"	"Teladi Company Headquarters"
"{20102,3071}"	"Ministry of Finance Headquarters"
"{20102,3081}"	"Scale Plate Pact Headquarters"
"{20102,3091}"	"Zyarth Patriarchy Headquarters"
"{20102,3101}"	"Rhak Patriarchy Headquarters"
"{20102,3111}"	"Nhuut Patriarchy Headquarters"
"{20102,3121}"	"Free Families Headquarters"
"{20102,3131}"	"Fallen Families Headquarters"
"{20102,3141}"	"Court of Curbs Headquarters"
"{20102,3151}"	"Cabal of Curbs Headquarters"
"{20102,3161}"	"Duke's Buccaneers Headquarters"
"{20102,3171}"	"Duke's Tempest Headquarters"
"{20102,3181}"	"Realm of the Trinity Headquarters"
"{20102,3191}"	"Terran Protectorate Headquarters"
"{20102,3201}"	"Segaris Pioneers Headquarters"
"{20102,3211}"	"Yaki Headquarters"
"{20102,3221}"	"Duke's Lost Property Office"
"{20102,5001}"	"Unknown Station"
"{20102,5011}"	"Highway Station"
"{20102,5021}"	"Kha'ak Installation"
"{20102,6001}"	"Segaris Pioneers Defence Platform"
"{20102,6011}"	"Segaris Pioneers Trading Station"
"{20102,6021}"	"Segaris Pioneers Equipment Dock"
"{20102,6031}"	"Segaris Pioneers Shipyard"
"{20102,6041}"	"Segaris Pioneers Wharf"
"{20102,6101}"	"Orbital Defence Station"
"{20102,6111}"	"Orbital Logistics Dock(Trading station equivalent)"
"{20102,6121}"	"Orbital Patrol Base(Equipment Dock equivalent)"
"{20102,6131}"	"Orbital Support Station(Trading station equivalent)"
"{20102,6141}"	"Orbital Supply Base(Trading station equivalent)"
"{20102,6201}"	"Alliance Wharf"
"{20102,6301}"	"Vigor Syndicate Defence Platform"
"{20102,6311}"	"Vigor Syndicate Trading Station"
"{20102,6321}"	"Vigor Syndicate Equipment Dock"
"{20102,6331}"	"Vigor Syndicate Shipyard"
"{20102,6341}"	"Vigor Syndicate Wharf"
"{20102,6351}"	"Vigor Syndicate Headquarters"
"{20102,6401}"	"Riptide Rakers Defence Platform"
"{20102,6411}"	"Riptide Rakers Trading Station"
"{20102,6421}"	"Riptide Rakers Equipment Dock"
"{20102,6431}"	"Riptide Rakers Shipyard"
"{20102,6441}"	"Riptide Rakers Wharf"
"{20102,6451}"	"Riptide Rakers Headquarters"
"{20103,101}"	"Badlands Colony"
"{20103,201}"	"Lonely Giant"
"{20103,301}"	"Core Dig"
"{20103,401}"	"Lost Colony"
"{20103,601}"	"The Aqueduct"
"{20103,701}"	"The Maze"
"{20103,801}"	"Overwatch"
"{20103,901}"	"War Memorial"
"{20103,1001}"	"Stronghold"
"{20103,1101}"	"Monument of Eternity"
"{20103,1201}"	"Apotheosis(paranid monument)"
"{20103,1301}"	"Funeral Accelerator"
"{20103,1401}"	"Duke's Haven"
"{20103,1501}"	"Smuggler's Den"
"{20103,1601}"	"Bursar's Freehold"
"{20103,1701}"	"Ministry Headquarters"
"{20103,1801}"	"Office of Authority"
"{20103,1901}"	"Duke's Awakening"
"{20103,2001}"	"Hall of Judgement"
"{20103,2101}"	"Derelict Station"
"{20103,2201}"	"Sacrosanct Conclave"
"{20103,2301}"	"Torus Aeternal Segment #34"
"{20103,2401}"	"(Destroyed Jump Gate)"
"{20103,2501}"	"(Terran Jump Gate)"
"{20103,2601}"	"Torus Aeternal Wreckage"
"{20103,2701}"	"Aurora Casino"
"{20103,2801}"	"Eye of the Beholder"
"{20103,2901}"	"Tidebreak"
"{20103,3001}"	"The Bunker"
"{20103,3101}"	"Last Bastion"
"{30221,211}"	"Zyarth's Coffin"
"{30221,212}"	"Barrow Guard"
"{30221,213}"	"Pale Apparition"
"{30221,214}"	"Vengeful Revenant"
"{30221,215}"	"Shade Of Red"
"{30221,216}"	"Grave Visitant"
"{30221,217}"	"Ravenous Wight"
"{30221,218}"	"Headsman"
"{30221,219}"	"Executioner"
"{30221,220}"	"The Verdict"
"{20204,101}"	"Energy Freighter"
"{20204,201}"	"Energy Trader"
"{20204,301}"	"High-Tech Freighter"
"{20204,401}"	"High-Tech Trader"
"{20204,501}"	"Intermediates Freighter"
"{20204,601}"	"Intermediates Trader"
"{20204,701}"	"Hull-Tech Freighter"
"{20204,801}"	"Hull-Tech Trader"
"{20204,901}"	"Weapon Freighter"
"{20204,1001}"	"Weapon Trader"
"{20204,1101}"	"Pharma Freighter"
"{20204,1201}"	"Pharma Trader"
"{20204,1301}"	"Agricultural Freighter"
"{20204,1401}"	"Agricultural Trader"
"{20204,1501}"	"Water Freighter"
"{20204,1601}"	"Water Trader"
"{20204,1701}"	"Food Freighter"
"{20204,1801}"	"Food Trader"
"{20204,1901}"	"Mining Ship"
"{20204,2001}"	"Ice Miner"
"{20204,2101}"	"Hydrogen Harvester"
"{20204,2201}"	"Helium Harvester"
"{20204,2301}"	"Methane Harvester"
"{20204,2601}"	"Escort Fighter"
"{20204,2701}"	"Fighter Convoy"
"{20204,2801}"	"Recon Fighter"
"{20204,2901}"	"Fighter Squadron"
"{20204,3201}"	"Patrol Carrier"
"{20204,3301}"	"Patrol Destroyer"
"{20204,3401}"	"Raiding Party"
"{20204,3501}"	"Riot Squad"
"{20204,3801}"	"Branch 9 Destroyer"
"{20204,3901}"	"Rising Solitude"
"{20204,4001}"	"Crescent Servant"
"{20204,4101}"	"Plunderer"
"{20204,4201}"	"Marauder"
"{20204,4301}"	"Pillager"
"{20204,4401}"	"Architectural Freighter"
"{20204,4501}"	"Universal Freighter"
"{20204,4601}"	"Energy Importer"
"{20204,4701}"	"Energy Exporter"
"{20204,4801}"	"Power Distribution Unit"
"{20204,5001}"	"Drone Carrier"
"{20204,5101}"	"Construction Vessel"
"{20204,5201}"	"Patrol"
"{20204,5301}"	"Corsair"
"{20204,5401}"	"Scavenger"
"{20204,5501}"	"Resupply Ship"
"{20204,5601}"	"Mineral Miner"
"{20204,5701}"	"Gas Miner"
"{20204,5801}"	"Ore Miner"
"{20204,5901}"	"Silicon Miner"
"{20204,6001}"	"Nividium Miner"
"{20204,6101}"	"Police"
"{20204,6201}"	"Flagship"
"{20204,6301}"	"Expeditionary Force"
"{20204,6401}"	"Honour Guard"
"{20204,6501}"	"Fanatic"
"{20204,6601}"	"Slave Trader"
"{20204,6701}"	"Hijacked Ship"
"{20204,6801}"	"Coffin Ship"
"{20204,6901}"	"Funeral Service Ship"
"{20204,7001}"	"Freelancer"
"{20204,7101}"	"Explorer"
"{20204,7201}"	"Surveyor"
"{20204,7301}"	"Pathfinder"
"{20204,7401}"	"Seeker"
"{20204,7501}"	"Trailblazer"
"{20204,7601}"	"Wayfarer"
"{20204,7701}"	"Rover"
"{20204,7801}"	"Observer"
"{20204,7901}"	"Wanderer"
"{20204,8001}"	"Voyager"
"{20204,8101}"	"Nomad"
"{20204,8201}"	"Freebooter"
"{30224,202}"	"Oberth"
"{30226,201}"	"Bountiful Sunlight"
"{30226,202}"	"Moon Fang"
"{30226,203}"	"Holy Mackerel"
"{30226,204}"	"Gumption's Gambit"
"{30226,205}"	"Neiro Amsturong"
"{30226,206}"	"Wisdom of the Pines"
"{30226,207}"	"Ellipsis Trouble"
"{30226,208}"	"Wolfish Heart"
"{30226,209}"	"Delilah's Swansong"
"{30226,210}"	"Memorable Chanterelle"
"{30226,211}"	"Monday to Friday Ship"
"{30226,212}"	"Bozo Man"
"{30226,213}"	"Mister Falcon"
"{30226,214}"	"Space Dingo"
"{30226,215}"	"Echnaton"
"{30226,216}"	"Mariner Valley Sea Life Club"
"{30226,217}"	"Trusty Zori"
"{30226,218}"	"Scion of Barsoom"
"{30226,219}"	"I Blame Your Mother"
"{30226,220}"	"Roquio"
"{30226,221}"	"Andromeda Ascendant"
"{30226,222}"	"Felon's Musk"
"{30226,223}"	"Oolong Dusk"
"{30226,224}"	"La Bomba Atomica"
"{30226,225}"	"Suspect Orange"
"{30226,226}"	"Rowboat Gorillaman"
"{30226,227}"	"My Other Spaceship Is The Xenon M0"
"{30226,228}"	"Put Back Together With Bits Left Over"
"{30226,229}"	"Actually Three Smaller Ships In A Trenchcoat"
"{30226,230}"	"Creature of Habit"
"{30226,231}"	"Misfit"
"{30226,232}"	"Blue Shift"
"{30226,233}"	"Pizazz"
"{30226,234}"	"My Other Spaceship Is The Argon One"
"{30226,235}"	"Litigious Rodent"
"{30226,236}"	"Geometric Owl"
"{30251,201}"	"Scrapyard"
"{30251,202}"	"Passable Ship"
"{30251,203}"	"Protectyon Merchant"
"{30251,204}"	"Promethean Spark"
"{30251,205}"	"Bestowed in Perpetuity"
"{30251,206}"	"J.P. Morgan's Knife"
"{30251,207}"	"Midas Touch"
"{30251,208}"	"Rudy the Vole"
"{30251,210}"	"Lone Sharks"
"{30251,211}"	"Bigeye Thresher Alpha"
"{30251,212}"	"Bigeye Thresher"
"{30251,213}"	"Pelagic Thresher Alpha"
"{30251,214}"	"Pelagic Thresher"
"{30251,215}"	"Hadley's Despair"
"{30251,216}"	"Deep Blue C"
"{30251,217}"	"Great White"
"{30252,201}"	"Arcadian Endeavour"
"{30252,202}"	"Golden Flea"
"{30252,203}"	"Transporter Ship"
"{30252,204}"	"Rolling Rock"
"{30252,205}"	"Carefree Whirlwind"
"{30252,206}"	"Sinister Sunshine"
